object_id,pointer_label,placement_evidence,code_evidence,asset_evidence,proposed_upstream_change,confidence,patch_decision
$03,Obj_AIZHollowTree,"AIZ1 placement: 1 object in Levels/AIZ/Object Pos/1.bin; absent from AIZ2 placement","Levels/Misc/Object pointers - SK Set 1.asm:$03 -> Obj_AIZHollowTree; sonic3k.asm:43606 Obj_AIZHollowTree","No directly named map include found in AIZ Misc Object Data; object interacts with AIZ tree reveal control code","Audit-only for now; identify owned data/routine boundaries before patching",medium,defer
$05,Obj_AIZLRZEMZRock,"AIZ1 placement: 9 objects; AIZ2 placement: 51 objects","Levels/Misc/Object pointers - SK Set 1.asm:$05 -> Obj_AIZLRZEMZRock; sonic3k.asm:43843 Obj_AIZLRZEMZRock","sonic3k.asm references Map_AIZRock and Map_AIZRock2; Levels/AIZ/Misc Object Data/Map - Rock.asm; Map - Rock 2.asm","Document as AIZ/LRZ/EMZ shared rock object; keep existing cross-zone name",high,ready
$06,Obj_AIZRideVine,"AIZ1 placement: 1 object; AIZ2 placement: 2 objects","Levels/Misc/Object pointers - SK Set 1.asm:$06 -> Obj_AIZRideVine; sonic3k.asm:46103 Obj_AIZRideVine; sonic3k.asm:46449 Obj_AIZRideVineHandle","sonic3k.asm references Map_AIZMHZRideVine; Levels/AIZ/Misc Object Data/Map - (&MHZ) Ride Vine.asm","Document handle child and mapping ownership; preserve AIZ/MHZ shared label",high,ready
$09,Obj_AIZ1Tree,"AIZ1 placement: 1 object; absent from AIZ2 placement","Levels/Misc/Object pointers - SK Set 1.asm:$09 -> Obj_AIZ1Tree; sonic3k.asm:42276 Obj_AIZ1Tree","sonic3k.asm references Map_AIZ1Tree; Levels/AIZ/Misc Object Data/Map - Act 1 Tree.asm","Small identity note only; object label is already clear",high,defer
$0A,Obj_AIZ1ZiplinePeg,"AIZ1 placement: 1 object; absent from AIZ2 placement","Levels/Misc/Object pointers - SK Set 1.asm:$0A -> Obj_AIZ1ZiplinePeg; sonic3k.asm:42288 Obj_AIZ1ZiplinePeg","sonic3k.asm references Map_AIZ1ZiplinePeg; Levels/AIZ/Misc Object Data/Map - Act 1 Zipline Peg.asm","Small identity note only; object label is already clear",high,defer
$0C,Obj_AIZGiantRideVine,"AIZ1 placement: 4 objects; AIZ2 placement: 6 objects","Levels/Misc/Object pointers - SK Set 1.asm:$0C -> Obj_AIZGiantRideVine; sonic3k.asm:46754 Obj_AIZGiantRideVine","sonic3k.asm references Map_AIZMHZRideVine; Levels/AIZ/Misc Object Data/Map - (&MHZ) Ride Vine.asm","Document giant-vine parent/child ownership next to ride-vine pass",high,ready
$29,Obj_AIZDisappearingFloor,"Absent from AIZ1 placement; AIZ2 placement: 6 objects","Levels/Misc/Object pointers - SK Set 1.asm:$29 -> Obj_AIZDisappearingFloor; sonic3k.asm:58325 Obj_AIZDisappearingFloor","sonic3k.asm references Map_AIZDisappearingFloor, Map_AIZDisappearingFloor2, Ani_AIZDisappearingFloor; Levels/AIZ/Misc Object Data/Map - Disappearing Floor.asm; Anim - Disappearing Floor.asm","Good candidate for routine/data label pass because mappings and animation are object-owned",high,ready
$2B,Obj_AIZFlippingBridge,"Absent from AIZ1 placement; AIZ2 placement: 2 objects","Levels/Misc/Object pointers - SK Set 1.asm:$2B -> Obj_AIZFlippingBridge; sonic3k.asm:58877 Obj_AIZFlippingBridge","sonic3k.asm references Map_AIZFlippingBridge; Levels/AIZ/Misc Object Data/Map - Flipping Bridge.asm","Candidate for low-risk state/routine labels around existing object label",high,ready
$2C,Obj_AIZCollapsingLogBridge,"Absent from AIZ1 placement; AIZ2 placement: 7 objects","Levels/Misc/Object pointers - SK Set 1.asm:$2C -> Obj_AIZCollapsingLogBridge; sonic3k.asm:59198 Obj_AIZCollapsingLogBridge","sonic3k.asm references Map_AIZCollapsingLogBridge and Map_AIZDrawBridgeFire; Levels/AIZ/Misc Object Data/Map - Collapsing Log Bridge.asm; Map - Draw Bridge Fire.asm","Candidate for bridge/fire child data labeling",high,ready
$2D,Obj_AIZFallingLog,"AIZ1 placement: 1 object; AIZ2 placement: 1 object","Levels/Misc/Object pointers - SK Set 1.asm:$2D -> Obj_AIZFallingLog; sonic3k.asm:59892 Obj_AIZFallingLog","sonic3k.asm references Map_AIZFallingLog, Map_AIZFallingLog2, Map_AIZFallingLogSplash, Map_AIZFallingLogSplash2; corresponding AIZ Misc Object Data files","Candidate for child/splash data ownership labels",high,ready
$2E,Obj_AIZSpikedLog,"Absent from AIZ1 placement; AIZ2 placement: 4 objects","Levels/Misc/Object pointers - SK Set 1.asm:$2E -> Obj_AIZSpikedLog; sonic3k.asm:60043 Obj_AIZSpikedLog","sonic3k.asm references Map_AIZSpikedLog; Levels/AIZ/Misc Object Data/Map - Spiked Log.asm","Candidate for narrow routine labels; object label is already strong",high,ready
$32,Obj_AIZDrawBridge,"Absent from AIZ1 placement; AIZ2 placement: 2 objects","Levels/Misc/Object pointers - SK Set 1.asm:$32 -> Obj_AIZDrawBridge; sonic3k.asm:59495 Obj_AIZDrawBridge","sonic3k.asm references Map_AIZDrawBridge; Levels/AIZ/Misc Object Data/Map - Drawbridge.asm","Candidate for bridge state labels near DrawBridgeFire linkage",high,ready
$35,Obj_AIZForegroundPlant,"AIZ1 placement: 64 objects; absent from AIZ2 placement","Levels/Misc/Object pointers - SK Set 1.asm:$35 -> Obj_AIZForegroundPlant; sonic3k.asm:60435 Obj_AIZForegroundPlant","sonic3k.asm references Map_AIZForegroundPlant; Levels/AIZ/Misc Object Data/Map - Foreground Plant.asm","High-volume decorative object; good candidate for subtype comment audit",high,ready
$84,Obj_AIZPlaneIntro,"Spawned by code at sonic3k.asm:8125; pointer table entry exists; not normal AIZ placement","Levels/Misc/Object pointers - SK Set 1.asm:$84 -> Obj_AIZPlaneIntro; sonic3k.asm:135469 Obj_AIZPlaneIntro","sonic3k.asm references Map_AIZIntroPlane and ArtKosM_AIZIntroPlane; Levels/AIZ/Misc Object Data/Map - Intro Plane.asm; Levels/AIZ/KosinskiM Art/Intro Plane.bin","Scripted intro object; label routine states only with direct code evidence",high,ready
$8C,Obj_Bloominator,"AIZ1 placement: 2 objects; AIZ2 placement: 11 objects","Levels/Misc/Object pointers - SK Set 1.asm:$8C -> Obj_Bloominator; sonic3k.asm:182274 Obj_Bloominator","Levels/AIZ/Debug lists Obj_Bloominator with Map_Bloominator; PLCKosM_AIZ loads ArtKosM_AIZ_Bloominator","Badnik identity already clear; audit placement/art ownership for future badnik pass",high,defer
$8D,Obj_Rhinobot,"AIZ1 placement: 3 objects; AIZ2 placement: 9 objects","Levels/Misc/Object pointers - SK Set 1.asm:$8D -> Obj_Rhinobot; sonic3k.asm:182372 Obj_Rhinobot","Levels/AIZ/Debug lists Obj_Rhinobot with Map_Rhinobot; DPLCPtr_AIZRhinobot and ArtUnc_AIZRhinobot are in sonic3k.asm","Badnik identity already clear; audit placement/art ownership for future badnik pass",high,defer
$8E,Obj_MonkeyDude,"AIZ1 placement: 5 objects; AIZ2 placement: 1 object","Levels/Misc/Object pointers - SK Set 1.asm:$8E -> Obj_MonkeyDude; sonic3k.asm:182697 Obj_MonkeyDude","Levels/AIZ/Debug lists Obj_MonkeyDude with Map_MonkeyDude; PLCKosM_AIZ loads ArtKosM_AIZ_MonkeyDude","Badnik identity already clear; audit placement/art ownership for future badnik pass",high,defer
$8F,Obj_CaterKillerJr,"Absent from AIZ1 placement; AIZ2 placement: 14 objects","Levels/Misc/Object pointers - SK Set 1.asm:$8F -> Obj_CaterKillerJr; sonic3k.asm:183322 Obj_CaterKillerJr","Levels/AIZ/Debug lists Obj_CaterKillerJr with Map_CaterKillerJr; PLCKosM_AIZ loads ArtKosM_AIZ_CaterkillerJr","Badnik identity already clear; audit placement/art ownership for future badnik pass",high,defer
$90,Obj_AIZMinibossCutscene,"AIZ1 placement: 1 object; absent from AIZ2 placement","Levels/Misc/Object pointers - SK Set 1.asm:$90 -> Obj_AIZMinibossCutscene; sonic3k.asm:136739 Obj_AIZMinibossCutscene","Shares ObjDat_AIZMiniboss, Pal_AIZMiniboss, Map_AIZMiniboss, Map_AIZMinibossSmall, Map_AIZMinibossFlame data","Scripted miniboss cutscene; candidate for routine state labels after main miniboss pass",high,defer
$91,Obj_AIZMiniboss,"Spawned by AIZ2 resize/event code at sonic3k.asm:39083 and 39194; not normal AIZ placement","Levels/Misc/Object pointers - SK Set 1.asm:$91 -> Obj_AIZMiniboss; sonic3k.asm:137227 Obj_AIZMiniboss","sonic3k.asm uses ObjDat_AIZMiniboss, Child1_AIZ_MinibossFlames, Pal_AIZMiniboss; AIZ miniboss map/palette files","Scripted miniboss; larger state-machine label pass should be separate from low-risk terrain objects",medium,defer
$92,Obj_AIZEndBoss,"Absent from AIZ1 placement; AIZ2 placement: 2 objects","Levels/Misc/Object pointers - SK Set 1.asm:$92 -> Obj_AIZEndBoss; sonic3k.asm:138002 Obj_AIZEndBoss","sonic3k.asm uses ObjDat_AIZEndBoss, ObjDat_AIZEndBoss2, Pal_AIZEndBoss; Levels/AIZ/Misc Object Data/Map - End Boss.asm","Scripted end boss; defer until boss state-machine pass",medium,defer
